{
  "project_info": {
    "project_number": "224981874599",
    "firebase_url": "https://photostudio-ad49f-default-rtdb.firebaseio.com",
    "project_id": "photostudio-ad49f",
    "storage_bucket": "photostudio-ad49f.firebasestorage.app"
  },
  "client": [
    {
      "client_info": {
        "mobilesdk_app_id": "1:224981874599:android:fc48b4746ba8d62ec16882",
        "android_client_info": {
          "package_name": "com.example.ecommerceapp"
        }
      },
      "oauth_client": [
        {
          "client_id": "224981874599-32ca2a1f9jioturon5a9oq1o6t983j68.apps.googleusercontent.com",
          "client_type": 3
        }
      ],
      "api_key": [
        {
          "current_key": "AIzaSyCm4U1DGbOwKJxPbxc6bVkoe2-DQs3ES4k"
        }
      ],
      "services": {
        "appinvite_service": {
          "other_platform_oauth_client": [
            {
              "client_id": "224981874599-32ca2a1f9jioturon5a9oq1o6t983j68.apps.googleusercontent.com",
              "client_type": 3
            }
          ]
        }
      }
    },
    {
      "client_info": {
        "mobilesdk_app_id": "1:224981874599:android:914e7f531f03711fc16882",
        "android_client_info": {
          "package_name": "com.example.photostudio"
        }
      },
      "oauth_client": [
        {
          "client_id": "224981874599-32ca2a1f9jioturon5a9oq1o6t983j68.apps.googleusercontent.com",
          "client_type": 3
        }
      ],
      "api_key": [
        {
          "current_key": "AIzaSyCm4U1DGbOwKJxPbxc6bVkoe2-DQs3ES4k"
        }
      ],
      "services": {
        "appinvite_service": {
          "other_platform_oauth_client": [
            {
              "client_id": "224981874599-32ca2a1f9jioturon5a9oq1o6t983j68.apps.googleusercontent.com",
              "client_type": 3
            }
          ]
        }
      }
    }
  ],
  "configuration_version": "1"
}